<?xml version="1.0" encoding="UTF-8"?>
<beans xmlns="http://www.springframework.org/schema/beans"
    xmlns:xsi="http://www.w3.org/2001/XMLSchema-instance"
    xsi:schemaLocation="
        http://www.springframework.org/schema/beans http://www.springframework.org/schema/beans/spring-beans.xsd">

    <!-- bean definitions here -->
    <bean id="dmds" class="org.springframework.jdbc.datasource.DriverManagerDataSource">
        <property name="driverClassName" value="oracle.jdbc.driver.OracleDriver"/>
        <property name="url" value="jdbc:oracle:thin:@localhost:1521:xe"/>
        <property name="username" value="system"/>
        <property name="password" value="root"/>
    </bean>
    
    <bean id="dao" class="com.sitech.dao.GuestDAOimpl">
        <constructor-arg name="ds" ref="dmds"/>
    </bean>
    
    <bean id="gservices" class="com.sitech.service.GuestServiceimpl">
        <constructor-arg name="dao" ref="dao"/>
    </bean>
    
    <bean id="gcontroller" class="com.sitech.controller.MainController">
        <constructor-arg name="service" ref="gservices"/>
    </bean>

</beans>
